NL,BE,FR,DE,DK,ES,PT,AT,IT,GB,IE,NO,SE,FI,PL,CH,LT,LV,EE,CZ,HU,RO,SK,SI,BG,HR,RS,GR
274959,189314,1319935,1099358,85279,583877,118103,166834,625871,912875,70973,411265,411367,244373,336498,162774,26740,18174,22775,148686,96260,138071,67061,30441,80132,39458,153327,113117
319982,229502,1569203,1324625,95394,713657,135843,191608,754453,988616,74200,421302,425484,263295,407452,176930,30372,20342,24156,167910,104261,141513,71937,33869,95036,47876,127946,128176
304423,222829,1674315,1285786,87748,718016,139471,184806,716309,912573,70316,405257,416499,253295,402512,195796,29265,19730,23397,163346,102831,144281,70928,34483,102295,48308,133936,149185
285912,216664,1520956,1199064,81958,685429,135003,172988,658033,872727,71000,392023,407799,246784,368061,178842,29579,20201,23220,164152,102811,140116,69395,33659,107301,45458,129269,167680
342485,245782,1531391,1449306,99235,736597,157273,194369,747286,1146657,82315,421756,432061,280775,419265,197205,33246,22516,26653,198680,118845,161418,74767,39376,104112,47760,127988,140056
341828,253105,1547674,1427549,101116,639366,163469,168705,674604,1090117,78502,431156,417961,282060,372177,197519,34833,23301,27928,197451,124328,168037,74876,40749,101411,43023,126385,121671
337512,249867,1592395,1551233,98807,801921,165575,211458,901714,1046098,83488,390518,415638,272400,475158,198183,35402,23332,27943,203324,133679,178437,85863,41945,101550,48536,119697,138320
350804,270620,1703300,1601240,101681,836503,165920,218606,933430,1120371,85040,419202,432150,259925,466803,200020,33754,22636,27062,203160,130740,182188,86197,42807,103043,50327,124681,148116
352907,276830,1733718,1626203,101694,850114,171624,218697,932794,1103583,83337,406678,436162,263672,473532,202555,33448,22576,26221,204959,123542,176619,83449,42357,109738,52823,133344,152261
308844,240363,1549963,1399361,88004,755073,147640,197084,779630,904516,71267,365411,376638,249869,425849,182928,29700,20941,23222,181718,117670,161897,76852,38971,108644,50579,135487,153408
288941,220935,1335189,1261021,89477,696274,135624,181837,685995,895826,72235,355305,362599,240364,378473,177036,28554,20048,22290,171142,108578,146294,73231,37240,103061,48697,128385,142032
348841,266533,1605716,1613489,105376,829095,155142,219143,914090,1146862,83173,403817,431111,268721,463720,202570,32614,22374,26057,202271,120285,166406,82816,41163,105969,52233,132322,146161
357408,279391,1842548,1665599,102494,830323,160725,221123,957855,1147333,78270,405935,445324,253088,472973,212358,33305,22492,26697,203491,121973,168962,83443,42211,107678,53064,138690,145389
354963,282760,1934685,1681605,103274,820294,157237,228429,970755,1132656,83253,452858,476031,269665,473592,223771,33451,22872,26975,209409,122416,171862,83985,42872,112919,54743,138558,160064
365029,297757,1993064,1713866,107949,830486,161280,229948,978547,1092894,81124,443351,500713,281557,470117,222730,33456,22967,27280,206693,121071,175953,84381,42973,115233,54632,139819,179101
351215,277917,1798654,1674878,102312,801172,153093,229913,976514,1045305,78175,400050,464373,286071,467856,216248,33765,23123,27260,205254,120403,174262,84565,43069,113920,56096,141760,187407
304336,235178,1488796,1401293,85948,713002,135843,208679,808869,928570,73248,368032,404642,254114,427551,188980,30348,20740,23802,186631,111438,169120,75758,39372,111413,53444,141932,182462
296003,226561,1425827,1277660,84459,687910,134672,186194,696857,967496,71959,380035,387898,241419,383994,170765,29561,20365,23890,183461,104818,157127,71869,35717,113965,49366,138375,170288
344205,257716,1646009,1618598,102647,794698,150098,226080,919358,1059112,78492,450531,459080,255922,458557,212614,34384,23145,26405,204929,117874,171206,82683,40502,115254,53459,142004,168345
338239,247459,1471563,1613157,104644,775894,150332,226056,959004,1034167,81182,455821,470476,272062,469011,201936,34258,22873,26431,202886,121497,173612,83840,42097,113393,54303,137059,165912
345817,258192,1524724,1632473,104930,794359,158381,223886,963872,1172195,82405,470141,487142,281790,468062,201365,34458,22899,27046,204155,122602,170289,83544,42388,109571,52464,134617,161063
348348,265325,1621069,1662502,105598,811217,167302,229092,970837,1210954,83852,469697,495897,294425,470549,217129,34063,22908,27769,209095,122379,171135,84751,42195,113972,53992,136337,158730
350539,264340,1743991,1651763,104585,800984,162036,228471,963506,1213738,90176,486940,476384,296036,470713,215999,34209,23562,27275,206718,122064,178944,84042,42469,116817,54063,138852,167883
319009,255264,1816925,1454411,95746,755016,139921,203948,793393,1089177,78879,453798,467515,280279,428535,196642,30909,21336,24147,183812,113176,167607,77056,39047,111963,50107,133659,157962
310141,248907,1825769,1362158,97182,753105,151168,192703,700241,1085282,75733,435073,455248,267542,389521,189667,29993,20486,24199,190215,107652,149341,73755,36598,102664,49147,128795,129983
356676,287559,2143977,1711512,104108,952449,171852,232797,936423,1224838,81234,470219,504127,283550,456055,233153,33844,23352,27375,211340,120139,170850,83322,41476,100666,54876,135485,145882
351652,276701,2089127,1726557,102980,989795,183308,237122,966854,1170871,84953,428816,490139,280813,465676,231592,33759,23803,27308,215454,121847,173493,84061,42960,108539,56384,140156,159002
358008,278874,2013122,1731668,105375,936650,177752,235050,978277,1124140,83268,448073,515614,289211,466582,231159,34004,23750,27433,213741,120552,177867,84394,43012,113305,56546,142542,153001
354655,278545,2112352,1729025,104916,909888,174997,238703,982700,1105709,82887,430820,515100,291054,463689,242355,34173,23822,27672,212086,122162,175307,84103,43843,113786,58626,142553,158096
343840,261807,2002565,1658953,100347,953437,179869,233293,966707,1086728,82012,402326,450852,284890,462787,232290,33588,23954,27011,208700,120848,181534,82589,43561,125471,61843,149939,177534
303638,235953,1662468,1381233,82273,783765,150632,194041,813117,907659,73205,382379,404307,265363,419801,192039,30767,22872,25429,177021,111853,171953,76257,38744,118307,53207,132506,179830
291986,235259,1536905,1293080,84036,686920,130019,180867,692098,856001,67026,384367,396389,263622,379485,176175,29316,21400,25836,174609,107938,157181,74730,36943,112452,48052,126559,156567
340488,258604,1721174,1632572,103585,820822,159744,223520,920977,1063696,79193,426291,450094,284141,456821,208954,32907,23197,27000,208872,120369,171669,83354,41248,116244,53284,138054,163492
340739,260966,1699806,1644415,106162,867106,164355,222416,966476,1070844,79039,443482,458315,277916,466793,202176,33553,23530,26512,210952,121974,176811,85489,43059,115740,56784,138533,182513
344513,264779,1793586,1662066,107178,821266,153336,228717,963172,1070506,78418,443030,445170,268451,464797,206601,33856,24283,27403,214320,122831,181863,85040,43223,122556,60210,144145,186196
351389,273414,1818758,1693233,105178,790407,154112,232617,990532,1134827,85281,440390,449001,264733,466272,211272,34050,24089,28122,216099,121911,181019,84574,43993,126051,59329,146376,178008
343514,268917,1796314,1666526,102568,788151,158479,229404,956351,1092990,84526,455893,478698,277837,466443,212615,33521,24159,28168,212993,121091,185984,83774,42855,127797,58526,146245,180432
319633,249060,1640011,1460806,101218,743789,141638,200815,821630,1039702,77168,434023,456876,261083,428974,185759,30359,21976,26362,192680,111842,172499,78596,39226,115208,51771,133235,171625
300111,237760,1550951,1354330,98410,677354,127467,191807,722712,964754,70354,440197,455889,251716,390776,174554,29248,21218,25595,195137,107508,160749,74352,37095,113664,49791,130565,167005
346100,263110,1624954,1677619,99747,811035,150170,234641,961727,1059982,79796,458396,492021,278288,456993,186985,33459,23313,27005,218881,121134,177132,84496,42462,117725,56780,139814,182905
343556,261153,1633726,1662695,97451,842327,158495,227126,991416,1083128,81420,432607,453121,274353,463509,199371,33435,22607,26669,214274,119949,180241,84951,43088,116757,59177,142256,171095
343541,253262,1511991,1640409,99996,836364,157162,218444,982278,1112212,81142,437893,460838,270367,466336,197494,33607,23666,26547,205329,120504,185344,84090,42162,118150,54394,138854,167995
338341,245668,1474233,1593858,100786,817971,157207,214576,966487,1073321,81730,439393,464562,276251,459980,187394,33831,23724,27504,201777,121539,180752,84675,42094,115621,49958,131768,158197
336338,266419,1770464,1615363,98723,792250,159458,215579,957121,1161785,84949,442799,465412,275536,455593,203716,33322,23576,26840,202209,121990,176021,82647,41142,108357,49236,131246,155074
305670,240063,1706023,1411161,90427,759111,151448,198158,813732,1101061,75533,425798,432104,266233,413208,194699,29603,20616,25520,182298,111977,162113,76830,37952,96290,49866,127990,134048
287438,227425,1666044,1322187,98231,723460,142355,188439,718188,1046155,73110,447494,467486,263594,379970,189804,28517,19060,23480,184490,106677,147896,73362,35487,95049,49062,126539,130186
333874,270324,1957013,1613643,102423,887512,159785,226725,938362,1188682,78100,463686,515174,288029,464439,222860,29012,21691,27579,208252,119604,172079,82384,40123,103017,54064,131725,154322
339761,279327,1967665,1683787,102769,912153,141690,225670,963047,1088434,82496,465994,517757,288275,470770,226831,32963,22006,27280,210442,123290,175294,84791,41199,104870,52887,130448,148928
341017,274243,1873810,1702975,101918,898654,161397,231397,967300,1099693,85065,437210,491738,278979,466222,224918,34158,22741,27753,215021,123033,176083,85465,41236,108461,52305,136194,138267
340274,271082,1844542,1672724,103161,846863,163326,229226,975113,1219445,82421,452133,481133,281864,464214,219226,34455,23625,27627,210734,122087,181636,84399,41245,112941,53764,138653,154060
348099,278784,1995223,1664478,100413,832718,163874,226779,966637,1206207,82088,441840,473567,288995,455491,215093,33041,23105,27213,208118,119844,178297,83688,40897,110902,53716,137436,162860
312169,249314,1775387,1437791,93358,776671,154781,204807,823245,1059108,76328,418313,448521,276956,421554,196647,29610,21111,26060,189709,110793,166257,75370,38703,100901,50839,132899,149158
296711,241192,1738811,1345265,97576,717150,137907,190672,716296,1067346,81926,432815,488411,273102,376888,187764,28788,20882,26226,186997,106371,151508,72400,36336,97700,49238,122934,138698
344300,285987,2088646,1695100,101559,880482,163311,228453,939799,1198127,92053,472008,528216,284419,449135,228786,33312,23384,24577,209105,121022,172598,82241,40644,104400,55176,131530,137370
346389,289878,2055586,1717295,102503,866578,168447,233026,980545,1212901,94022,469493,509841,288351,461101,226753,33944,24084,23757,211404,121548,174664,84630,41891,104167,55317,128903,150332
342829,288702,2029668,1693235,99653,890308,176815,233183,978315,1282527,92916,451309,507180,280431,463114,219497,33297,23649,26414,209660,122344,176569,84697,42320,103983,54495,128607,148403
348176,286485,2011223,1693660,99383,886848,179995,228818,965259,1201154,85197,476388,507354,276880,460747,217900,33423,23600,26692,209658,122449,172149,84535,41154,98024,53490,133069,152118
341953,285888,2004020,1703545,94191,860995,171069,226109,967518,1166948,84808,461264,515203,281256,451458,229665,32888,23808,26196,209138,118702,173677,82568,40725,103184,54916,138306,158715
312779,257931,1871736,1453442,95520,798871,165376,202017,813107,1133681,82010,446146,490259,271275,419740,196507,29464,21963,25880,197994,108935,169782,72174,38393,106526,54076,135102,164240
298977,254790,1714299,1375532,102179,750400,156728,193239,716954,1013238,75718,472332,509708,264893,380020,203870,28459,21195,25280,193810,105538,156101,69971,36181,106788,52153,132012,161060
338377,281281,1866155,1689581,97976,860183,173665,235448,930730,1141903,83417,456778,517871,283258,444640,234646,33152,23491,26125,212752,116818,173463,81464,42131,103640,59203,140930,172441
344651,291098,1893245,1691056,97016,849686,171380,229312,949505,1187276,84852,444726,504836,280094,456146,219180,33332,23746,26597,209183,116796,174165,81830,40837,99790,53822,134380,166980
345005,288669,1878351,1697050,98760,877094,169719,230788,961012,1148118,82260,434724,494957,279257,457830,219318,33197,23391,26676,208965,118922,170293,83862,41393,98288,53644,132282,149950
341025,279122,1828806,1687713,97708,820803,158950,228198,952702,1188608,84763,465486,504889,276717,459012,213696,33115,23505,26079,209565,119023,170502,83477,41723,98554,56428,132516,149469
341057,279252,1903620,1681167,96520,816875,151792,223006,946906,1172346,86167,443518,491786,280588,457945,217605,32689,23107,26187,206540,117771,178833,83248,40615,105817,55683,135795,155300
299804,238380,1724237,1437599,94422,744680,143801,197945,790691,1015196,80766,415094,436424,268162,421099,199896,29450,20271,25237,189558,109482,168300,75232,37358,101299,52980,132896,140339
279461,224350,1556432,1289471,90040,689769,131264,180035,689045,973263,71186,411139,445823,266550,377743,186357,28405,19743,24634,177834,104176,153101,72363,34619,104759,47776,130454,145798
330660,261587,1712584,1612233,94711,799879,145243,218122,895978,1108205,81562,440258,490660,282769,443958,209513,32876,23370,26205,204465,117990,171005,81726,39030,108865,50684,134160,165361
331062,266969,1774851,1661720,97295,802079,143532,226354,931031,1078606,80482,442068,471324,284020,454029,210835,32502,23659,26521,209872,118538,178615,83013,40904,115913,55366,140398,168548
327303,256625,1698294,1608408,95298,792367,139972,225837,948362,1073311,82754,429143,462347,276468,457212,207787,28547,23552,26472,205734,120180,176949,83016,41950,117764,56141,140928,179254
327146,258884,1634538,1609697,94525,784188,139972,219055,946246,1153976,84692,461178,497630,274666,455946,198218,31612,22625,25768,201661,122582,169953,83492,40306,107008,50526,131422,157456
321393,252564,1617926,1586923,92433,748670,136266,218402,924924,1135804,80077,448067,490683,278097,456068,201829,31718,21999,25611,200722,121497,165644,83916,39494,98645,51589,131082,150870
295661,225694,1391949,1361679,85878,652784,111396,188082,768028,969553,70956,438549,460835,266682,415347,172033,28053,20283,24934,176413,109083,158794,76399,35822,96052,47176,123376,135530
275910,211079,1218166,1237333,85955,600331,101407,171975,668918,887197,62751,427750,460917,259250,372344,160112,27227,19094,24386,171280,98640,145717,72655,33981,92547,43862,119288,123600
308502,230501,1330604,1519569,95235,712864,123271,209820,900763,999875,72293,448149,462744,278569,437406,188514,31158,22298,25569,194385,113953,162356,79830,39258,93554,48784,120910,136927
315987,242446,1381946,1531701,94836,745456,130117,205090,918822,1008176,66183,432213,451371,276789,433278,185588,30388,21690,25077,186471,115220,156283,77811,39449,87712,47982,112618,133108
321782,243516,1374128,1530333,93904,755391,131420,198104,925122,976523,77246,438859,485592,277689,432247,182631,30660,21709,25635,180312,113516,155498,75955,38524,86113,45640,108977,128498
320203,250487,1375949,1557709,93630,716615,131981,204313,902001,994022,77880,449244,497870,277317,448500,179029,31715,22964,25496,196002,116645,164295,79627,38192,92394,45364,109645,134129
318827,243030,1349206,1560649,92601,729496,135623,209830,901127,992619,76582,433860,478250,270750,447464,181564,31839,23176,25376,197676,117570,175885,80124,39554,103439,49286,127173,137028
281399,219023,1208000,1343445,87164,664167,116799,185210,765235,850840,69584,371181,415948,246853,409260,161777,28857,21129,23040,174690,109420,161008,73438,35016,99371,46355,125663,137039
254174,205175,1099100,1185343,79856,617049,110768,166675,665815,790731,64720,387636,410933,245962,360460,156095,27122,19402,22876,165082,102350,147673,70991,33509,95000,43872,120234,137421
303605,232175,1306772,1487941,94649,738937,123230,197923,870926,937373,72677,399119,440626,266683,426700,175842,31568,22217,26043,188841,113782,164926,76904,37028,98718,45997,116489,150194
309012,237893,1363024,1530488,95512,755692,129201,200401,908211,940113,73690,372320,419716,245978,442105,178717,31703,22925,25424,188608,116671,161659,77629,37749,94568,46024,113311,143868
320494,245105,1317025,1534018,96668,717361,126284,204843,930647,932048,76156,371317,404739,233862,442396,182222,32383,22286,24355,191094,116511,160012,77401,39718,92264,48708,109199,131112
319932,241796,1365599,1534911,96827,739399,136957,206500,923258,958531,76974,379985,432495,250715,449218,182023,32497,22120,24905,192003,116454,159035,78299,39723,91027,47547,111547,148465
304622,235583,1352476,1503075,94052,753940,139570,198944,887473,985272,77826,381635,431258,266100,446676,176780,32687,22920,26017,183292,115573,162011,77219,39400,91157,45897,108778,144012
279801,222987,1251560,1284022,85298,662834,120119,165667,742657,902084,72649,361040,377737,255631,401383,162771,29397,20788,23949,161128,104476,150452,70286,33596,86217,41893,104692,130915
273504,218808,1237881,1223042,84401,600989,110144,157779,635720,883545,67952,356386,395656,244627,367680,159510,27616,19702,23048,162977,98085,138715,68026,31951,88083,39487,102716,121340
306275,243774,1414685,1518219,95492,707424,130550,203023,868558,981641,79344,365176,434106,261341,449521,184915,32403,22543,25736,191620,114680,160212,77714,37185,91358,46474,114808,136071
312815,251265,1427082,1562512,96755,706696,129026,210961,907545,939736,77684,359786,415462,254123,453276,185887,32302,22314,25408,198163,118551,165573,81306,38901,96170,47616,121771,148083
308212,237331,1330841,1550272,94424,685295,130468,210854,911251,931590,77510,347511,400098,250341,447777,177946,32017,22158,24834,191556,116516,165770,79856,39372,103257,47463,123600,156044
306131,241141,1367197,1501672,78081,598530,130884,209473,904971,960103,78062,325358,383880,244278,443855,175795,31469,21787,24380,188374,116695,164740,77362,40125,98084,47898,121243,153120
295045,230911,1328030,1153410,73360,551147,114758,193500,861834,882453,74753,316510,338726,223393,419467,144250,31083,18879,20713,179306,112332,162373,67900,38756,95669,45167,111409,150288
265391,204710,1176708,1148333,71003,578500,109367,163615,689277,868767,71669,300685,306331,219037,344439,149384,27615,18445,20162,153027,100584,146741,65819,33759,89026,43671,111230,136282
248202,196797,1080898,1055791,71418,548998,97870,142144,570359,853608,64510,337668,314166,205079,286672,136534,22895,16722,19455,143960,88636,132434,61146,28516,89131,38077,104030,138615
264792,204932,1100521,1092312,73600,600632,110387,146278,581496,832447,65811,370749,341337,219095,292960,137991,24905,17524,23394,139359,85065,160534,59451,29854,97796,38413,105388,145444
311249,238081,1306820,1461826,91874,682145,128613,187567,862378,984665,76242,407810,395840,240290,399329,163405,29851,20601,23428,172058,109115,164327,72203,37144,93574,45947,104859,130314
318198,249318,1519893,1524749,92464,716050,135223,197236,908240,1089256,79763,411039,410023,239144,427542,178002,29838,20137,23127,184728,113294,161828,75493,38626,90694,47159,107753,129505
319105,254149,1594735,1559690,91363,767838,140213,206861,915232,1036134,76192,403833,415916,241527,432828,192680,29931,19966,23474,192527,113161,159624,74809,38161,90088,45608,109878,132486
311680,243411,1481805,1535228,88449,764678,138109,207554,899610,920971,72751,371941,405165,243638,441770,191445,30840,20095,24323,191010,114372,143353,78366,38435,75943,46819,100164,113289
275789,216452,1237934,1306585,76808,661502,116830,176486,736556,744392,63568,318511,329330,222074,391733,165970,27956,18512,20867,159646,104966,133372,71844,34600,77416,43448,109727,121732
252034,199766,1146559,1165516,77415,604949,108440,157396,637892,766612,64714,318943,331792,214587,345954,151772,26522,17752,19756,153146,96972,109638,68367,32405,72390,40146,93011,102252
300163,238550,1302772,1476391,90752,709489,132121,195487,841878,958241,77884,350889,377825,222633,413025,172256,29738,20317,22216,175349,109694,111034,74076,37166,75733,44476,95844,108307
302992,239290,1317931,1497851,91640,724585,138395,187743,872221,981299,78655,369849,388766,217182,413208,168485,28658,18875,22045,173346,107764,131595,72645,37249,85112,43657,100056,126657
305903,246276,1408103,1507514,90585,752280,143438,169021,868030,1024219,77452,355099,381011,210077,428701,171722,29214,19320,21152,178929,110273,145270,75544,37499,82428,43379,101455,126593
306136,248145,1442572,1486718,88750,753157,139212,193559,868519,1023151,77341,341238,374959,214500,420505,178525,28928,19286,21034,176194,111149,145899,75710,37786,80840,43920,101715,124290
297482,232563,1352233,1448084,84350,726481,131738,193696,880895,954845,73981,347224,373131,224661,408601,188079,28448,19141,21784,166579,110517,141547,74658,39000,78799,46150,99025,121969
259880,205475,1130099,1191933,74163,633366,116377,157035,722918,773286,68474,335343,357915,218273,369666,159547,25855,17151,20044,140912,97289,135356,65333,35087,77282,42476,99612,123518
253138,199926,1097118,1125911,73948,590437,109554,142520,629819,798671,65247,335432,374052,226638,340442,150608,26188,16623,21018,144416,91005,118730,64512,31441,74873,37441,91543,113206
304626,240327,1337082,1491232,89590,701466,130664,198199,833819,953507,73475,374708,427752,246415,430235,178855,31362,20110,24483,183832,109890,142025,75074,36660,77748,43332,99956,120383
307490,243731,1324800,1531206,88641,709956,132804,209175,860789,941725,74214,356840,394298,247834,440169,180133,31580,20929,24079,192964,114088,146667,78877,38540,79719,46893,108814,123505
310735,227158,1278722,1482733,87962,702463,134244,203185,874449,937847,73742,358243,404070,244096,432332,176134,31524,21342,24837,184923,113875,156499,77659,38576,85595,47761,117099,128052
304748,233921,1208631,1459059,89482,690540,135778,200706,866698,944521,73739,330294,396948,236169,440534,169655,31664,21471,24184,182036,112478,150211,75734,38326,88328,45530,111303,126355
303904,233021,1220853,1450780,88089,701271,138618,187309,849831,930260,72353,317575,368993,228788,436062,168704,30792,21275,23470,175370,110448,149451,75661,37711,85934,45144,104615,127491
275343,211099,1133220,1255906,83374,641138,119446,163200,640312,807854,66062,308136,339783,210815,386630,161354,27179,18716,20189,150334,100715,135286,68995,32916,79547,40653,96830,122857
258126,204288,1038984,1153278,69313,593635,110051,151334,608160,750100,61242,288592,336876,199371,348018,148757,26738,18473,19751,150643,95658,121872,66629,30168,75308,37450,96991,112660
250328,229697,1144946,1489339,94222,692220,129276,191461,837468,855485,70128,321407,368228,222880,422220,170622,30514,21073,23047,178041,109798,143084,74462,30389,79895,43240,100677,124304
294031,223757,1064203,1471743,99821,698444,131431,194522,858872,816891,71964,320789,353502,224555,433563,164100,30804,21098,23374,177545,113171,149459,76209,34457,81399,44766,99239,125899
301545,226807,1092831,1459390,100630,705640,131016,187259,861727,844419,72310,317247,352930,226517,415612,161860,29408,20595,23292,170030,110551,151979,73232,32759,83059,42585,99056,127239
297697,225916,1115783,1424161,98692,707004,132781,185207,847825,830848,72721,312035,365007,223549,403974,161728,28574,19081,23292,161900,107027,147674,71711,31593,83316,43508,99988,125279
287020,188935,960836,1077728,72387,575223,115250,149380,627132,783941,71437,291004,319947,214492,329885,167708,25685,16677,20020,139451,88523,127015,64456,27785,88579,38640,87866,104938
261385,192704,1014426,1139651,69118,598822,113943,151070,663378,723090,68936,291402,318911,210042,325405,148591,25268,17022,19451,135147,92083,125469,63380,27567,84904,40358,84354,116653
259974,196099,1035045,1121107,71451,580115,110972,145499,615745,750876,64840,278556,302803,198936,301174,153461,24450,16093,19197,140040,90946,114581,62464,30086,86309,38104,83626,113280
304667,238116,1276850,1477648,87602,705903,133448,194572,837783,811073,64175,334147,360001,213648,401659,179666,28711,15900,22358,175993,108271,141788,73929,36167,94311,42437,92578,125407
291630,243735,1295635,1534348,93044,719789,129542,200593,876583,904060,72162,358105,371877,219865,432576,185847,30192,18845,22989,181613,112576,145824,76221,38049,104675,42972,99343,127637
309093,236910,1223607,1514240,91027,714309,131192,205935,885166,887407,74340,352542,376444,213752,441647,182944,31456,19962,23340,188494,113477,146887,76810,38186,108636,43369,100006,124850
311352,242541,1222163,1514245,91797,713217,134350,199560,884498,944164,73275,348130,371753,214394,430340,177588,30056,19768,22956,176330,113085,149815,74991,38106,103878,43987,104254,129065
317631,245636,1141253,1499209,85819,716744,134777,201870,896434,996917,76142,336632,360124,214867,428670,179786,28855,19510,21614,154479,113555,148181,68171,38158,101905,44598,101963,129239
286451,220195,1126411,1281887,76459,634396,116472,177101,733022,863132,69396,318002,328456,199150,383262,161463,26335,17258,18355,152311,102930,138139,67328,35090,106871,41029,96679,123703
263426,208946,1081171,1174508,75185,582463,109019,156023,626875,847668,68449,311198,324703,192482,343936,151774,26400,16609,19155,151424,94472,124185,65689,32200,108614,37752,88877,113537
322219,243888,1276208,1513132,89311,701059,130643,195858,835712,941124,74128,347718,364801,215534,415638,177741,30300,19972,22495,179472,108315,141204,75630,36772,103566,42699,91988,123804
314796,240767,1250065,1529953,90766,715257,135989,199225,882045,898810,73153,339836,358002,214502,433446,176294,31095,19959,21900,183855,112332,145908,78293,37730,105097,43391,97064,124328
304186,231036,1188222,1458184,88937,719079,140613,197824,895240,925395,71730,325096,352088,218683,424911,168122,30939,20425,21980,179558,113659,146641,75914,39296,103300,43533,99736,125989
261971,197413,1026717,1134774,73112,746904,135440,154872,902220,943524,74016,297037,316147,202910,412437,143962,29721,20494,21802,170965,112400,146672,73189,38393,99926,43587,95327,125943
280369,211303,1032834,1299665,76162,705486,132748,176584,893546,885273,73380,313916,317119,206183,405977,153231,28369,19340,20656,165664,108515,142828,71351,38005,97563,44753,93499,125782
273996,204208,1030373,1191637,73330,633553,119319,156352,724428,775733,66082,336152,318337,192340,364666,146295,25136,16021,17853,146681,98659,132407,65567,33330,98775,41127,87685,123721
263216,202324,1019918,1130328,75230,592949,112595,145284,637900,797156,64826,315006,321132,185189,330404,146144,24650,15767,17690,146269,91252,119136,63589,31300,98056,37177,83518,117166
313316,233729,1240914,1482647,89077,715058,135548,195793,851439,903745,70773,359484,368918,205813,408952,178804,28430,18307,20889,180666,107334,139357,71944,36785,100826,41958,88316,130713
302537,228628,1129241,1490038,87969,732470,132209,205209,905898,840008,70434,340891,365966,210615,429993,179501,30131,18668,22382,185411,113464,144654,77471,38330,105525,43157,98091,132958
295692,223869,1034607,1435456,86070,708138,131180,197049,900913,846533,72556,327172,355743,210795,429171,166199,31065,19584,22033,176351,113374,148834,75341,38709,107131,43512,104218,129193
300318,227765,1091984,1425877,85117,697864,132936,192713,884029,894961,75453,318160,343538,205869,415968,161915,30251,19970,21529,167906,113316,142697,73828,37174,99353,44458,96367,125551
304020,229145,1151470,1417559,81935,699200,135125,188638,861210,916304,75102,304398,322971,199247,410642,160634,28459,18677,20060,161048,111217,147369,71960,37261,92632,44388,93394,128444
271909,207653,1069681,1196657,71257,635509,117405,161287,730245,813826,67430,271677,283580,180351,366574,145667,25418,16566,17043,142378,99777,133262,66285,32967,98968,41804,87132,124521
243584,191521,942711,1040593,67382,589777,110648,145326,637978,735279,61730,279379,279671,171251,319719,138963,24405,15734,16140,143232,85726,120607,63238,30042,97573,37056,82263,115535
255706,188236,953782,1084665,71044,706059,131895,148683,852177,725820,70624,291124,329433,196037,405977,141469,28748,18034,20239,169066,86749,141578,71966,36174,97068,42741,86895,125935
291764,219217,1092253,1393660,80355,725829,136949,191277,894486,796707,71608,302916,317055,199066,412310,159838,29586,19095,21351,168293,108111,145826,73021,37578,91237,43883,87636,127369
294690,226033,1118928,1429604,81019,729031,138332,189976,894282,774987,71673,308547,323684,196677,408589,158451,29195,19057,20457,165139,109653,143822,70989,36957,91671,44147,86370,128960
297858,223764,1114475,1442666,84016,733943,139143,188312,893079,783379,71394,315100,330481,204674,411707,158256,28251,18759,20869,166014,110680,143438,70610,36659,84964,43362,84363,126170
303497,224129,1111717,1412700,80680,716210,137926,188025,879650,818019,69527,298340,315087,211250,413838,157988,28509,18256,20904,166081,111841,142727,70834,36157,85462,44251,84914,125391
266873,203661,991984,1202052,72877,636652,119793,162278,745386,735202,64254,285468,307409,193322,370110,144906,25559,16418,18123,136670,103160,128596,64182,32651,87855,42109,85189,120884
264377,200945,982798,1125099,73016,585178,111132,149266,647751,707996,58891,297150,322312,189125,325866,150216,24918,15821,17506,140530,91184,114888,62517,31027,86041,36862,81258,112973
301439,224711,1129293,1451997,98076,710497,131884,192658,713540,805143,61012,318695,356458,215449,412948,170225,29675,18822,22231,172992,109346,121636,72411,36121,75794,41475,91664,120690
313496,232474,1176717,1487683,84925,741136,135346,194752,638388,830527,69329,325374,356228,212245,422794,177262,30279,19513,22512,174612,111990,146749,73772,37618,78447,42976,93468,129697
302198,229891,1176087,1456537,85901,745525,138314,191066,878152,854649,70396,316089,351415,211972,412858,167665,29898,19332,22094,172122,113541,149916,73503,38618,79491,43669,93931,128515
312415,235326,1184056,1242148,96351,729402,139489,152035,921652,881310,70512,309358,336429,203664,316157,161704,28365,18532,20358,169703,116921,150114,73069,39429,78947,38250,94518,129834
322905,236421,1188491,1369863,81652,745927,140233,173396,927092,869935,67913,307057,325498,201028,366123,170197,28157,17927,20095,168359,112133,151852,72120,38989,77135,42403,94060,133116
271285,205566,1034916,1206851,75025,672795,123517,156404,770372,683139,62768,308171,305722,194917,351560,152316,25877,15800,18310,145555,99542,136023,65633,33520,72880,40244,92593,127964
256054,196206,984482,1129002,80887,616120,114183,152480,682715,698815,59558,287036,309981,188772,332775,147929,24995,15416,17309,152254,93390,121440,65124,31835,71525,38165,88236,120639
303226,228148,1200043,1464782,94740,751153,140022,202109,918887,822415,66554,302539,340664,205851,414553,180060,29081,18157,20102,179643,115530,145658,76176,38213,76910,45881,104510,129065
303985,227380,1197721,1470166,101987,763340,143577,205365,937509,808472,66975,298817,330699,202410,418075,179704,28919,18304,19731,174276,118854,150254,77787,39687,80800,46840,109324,129930
308529,233543,1202061,1480989,107586,773765,120636,200179,939556,826663,67867,310122,344114,201234,417844,173665,28664,18192,19275,172133,116876,152715,76317,39564,81563,46109,106088,127984
319261,241849,1212860,1496451,109157,758656,132497,200230,938403,878269,70110,305560,354993,201568,422258,168152,28919,18299,18934,175593,117786,151590,75572,40694,81824,45986,102127,127807
323702,241071,1202009,1483888,108167,734184,130843,193894,937911,932128,71237,306000,341477,202192,423297,167587,29505,18441,19580,174426,116547,149413,74518,40131,80960,45752,97795,128131
279926,208435,1016556,1228929,82225,642385,114629,163367,778404,837707,63648,278512,305519,186235,372146,150712,26218,16237,17573,146922,102861,136000,66841,35410,76266,42215,90870,125959
261736,194486,947957,1110373,78228,592316,108355,149569,689443,752393,59384,262762,285802,185176,332637,147166,25539,15747,17233,142232,96209,123167,64239,33192,75301,39137,84564,117940
295070,229362,1128086,1430303,96615,724137,129245,193997,927536,851453,67974,281399,313797,200027,403876,168973,28779,18068,18871,165868,114831,145860,72544,38266,80326,45120,93675,132871
296563,226148,1130609,1425318,98378,733151,135437,192485,984847,854898,68243,283232,314630,190358,401941,168091,28409,17957,18021,163198,112606,149576,71674,38959,80942,45309,91137,141024
304626,228591,1151250,1429666,96132,741919,139684,184858,1011470,832155,67299,292043,319702,182719,403671,162922,28417,17945,17962,161557,111411,146822,69979,37779,79308,45524,87671,146836
300435,226955,1223095,1454500,87733,753060,141934,190374,1014014,769631,64512,293092,310229,182592,412694,166806,28911,18165,18785,166758,110729,145201,70726,37680,77400,45046,86544,150212
292770,220780,1166681,1419044,84158,760581,144366,187344,997633,769107,66881,288573,262683,167202,410247,163242,28510,18346,19629,161006,110113,145364,71080,38409,77557,43864,89948,140370
272579,202153,1054797,1264808,78339,693258,128755,156182,816682,723783,61991,266587,249424,160043,363044,146954,25653,16685,17707,133594,97940,133770,63028,33325,73593,41477,83350,128494
256249,194409,974996,1177061,87138,640101,118580,142332,711934,660589,56894,264356,262211,159810,325014,141999,24923,16041,16699,135999,91112,120725,60985,31099,71045,38228,78032,118676
292721,222406,1202694,1430639,93211,772061,139601,188323,937945,773959,63114,289204,320328,185874,398946,162303,28454,16319,16877,164039,109234,138917,70640,36239,76610,38980,85520,136239
294621,223065,1215866,1453249,83473,771929,138498,193568,994988,811336,67508,291172,318486,194862,411866,163754,28387,14953,15193,164832,110959,141686,72338,38771,78980,44256,88123,139543
295276,227775,1191341,1471559,80166,717939,132332,187119,984391,833634,70597,286488,315323,204570,413534,161945,24702,13923,14719,164854,109918,144156,71372,36224,80629,43973,85954,137820
305746,229694,1155246,1457472,87260,758897,139712,189004,980230,886110,72187,289915,324781,201926,417687,159953,28142,17094,18214,166897,112486,148824,70956,30556,77992,41028,84283,138709
311521,229461,1176640,1438500,91923,770172,140684,184007,997115,885268,68976,289426,314927,202637,408939,161815,27962,17849,19760,161741,110965,145786,70604,32775,77113,44411,87113,147962
272447,202447,1138334,1248625,77561,698469,126260,160606,845702,728551,62794,271489,285942,187561,370552,152887,25039,17075,16866,139910,100145,132220,65010,31084,72430,42817,84391,141126
258233,195468,1028300,1122653,79354,636733,117360,144676,756102,699216,57737,273747,291113,183159,332208,145822,24670,15800,16692,138893,95449,120567,63706,30021,72517,41180,82296,128956
308606,229008,1112764,1441630,96741,781653,140895,187498,952543,851919,67804,295891,334190,199936,404715,163807,29009,18776,20688,166277,113618,139944,71622,35907,78784,47719,89871,140762
318233,238156,1095366,1459773,101502,804804,142662,190875,992579,903958,74498,292464,323857,200647,413457,162742,29531,18937,20287,167124,111415,145760,71812,37116,80481,46779,88490,150741
332547,239315,1110165,1473196,85010,806899,141909,190823,972940,958883,72676,277584,321325,196873,414875,172188,29149,18675,19920,169215,111780,144497,72370,37873,79323,46170,89637,148894
341936,241589,1148720,1484889,86756,807314,141994,193376,993185,922842,71298,267309,308838,196056,417811,172926,29049,18823,20079,168641,111533,143563,73163,38309,79165,44665,91989,145523
330545,237323,1124018,1465614,82782,809973,140594,188645,1006840,855842,76777,274880,301762,194160,413095,167704,28714,18989,19831,160656,111286,142870,72325,37830,78627,46331,93016,130600
283210,208506,938128,1108847,75361,706207,124592,157514,824310,811960,66119,257304,274431,184673,362720,139833,25250,16475,17403,139276,99087,130561,65651,33935,75429,44307,88300,131016
270908,201747,917436,1017437,81482,658667,116154,144463,721360,761835,60145,253204,275097,181764,320388,132991,24176,16064,16103,137250,89709,116718,62433,32365,74157,41133,83949,123180
318994,232999,1102633,1474760,84579,802419,139935,196497,996637,867164,72748,282132,301039,200228,408417,175141,24368,18842,18529,146118,109302,136265,72053,38800,80550,46968,91907,142037
327369,241756,1172583,1490790,83577,820251,144183,197025,1062262,848599,68920,298293,299901,198459,411453,174918,28322,18173,18819,162498,113649,144657,74590,39559,82297,48598,90196,149688
315126,232642,1218638,1490948,83067,824304,145508,205135,1069953,841277,66269,305471,297645,199974,419013,179327,28955,18763,19525,175644,112696,145851,75444,40460,83032,48703,91017,150607
299196,229060,1183934,1451978,80114,814844,145747,191022,1040368,809161,65825,296175,289541,205435,413045,168532,28640,18696,18854,166498,113607,148897,72679,38184,83182,48255,92631,161195
300502,224954,1106620,1412754,74133,802103,144682,180492,999934,813205,62923,279249,284982,203947,401500,163657,27725,17993,18197,154876,110295,145815,70870,37909,81929,47304,89097,170015
271874,201830,1015797,1185728,58282,720996,125009,153543,804797,680711,53849,266918,256267,189036,362235,141619,24854,15947,15717,134248,97293,132185,64655,34993,75470,42212,85342,152952
264625,193771,975019,1155167,57194,672631,115655,141665,713107,678041,50312,260664,255118,183514,333573,137166,24282,15618,14807,138832,88689,118197,62986,33335,75290,38830,80870,139540
310573,224366,1100866,1455039,74237,820942,141073,190502,994921,858920,62720,273337,281893,199883,409612,166709,27795,17773,17331,165749,110444,142841,72762,38700,80831,46035,90221,153055
310640,224897,1070613,1485014,76162,846141,144310,192323,1054223,873133,65311,274662,282308,198432,415140,165740,28416,17806,17864,168089,112749,145622,73887,38545,81831,48306,91687,146556
313215,223333,1197521,1482886,75576,847650,145230,190899,1101853,854081,66641,265182,283479,197923,422900,167070,28160,18003,17919,168154,115101,145018,74804,39741,82286,49828,92455,151467
312120,227335,1116567,1478110,77425,842088,145451,190726,1115324,860539,66918,261470,278333,200707,412870,165953,28129,18213,18116,164168,115103,145894,74275,40656,83737,51651,92675,157762
313679,225262,1192389,1445175,75937,838565,145038,184233,1099766,789999,62339,264743,268992,198483,410972,165392,27441,17850,17614,158907,117553,145959,73929,39520,82804,53774,89824,169197
273091,195225,944535,1243868,65526,723412,127261,157440,909453,672684,61005,255062,251421,185586,364593,141716,25019,15871,15901,143064,106391,136529,67995,35461,78790,51433,85390,162303
259204,184691,903600,1115064,65261,668156,117619,143691,785564,691595,56510,247672,248077,180305,328104,136979,24553,15388,15044,142236,94446,125532,64533,33343,78023,45615,83137,158421
307056,202240,1121929,1445556,75430,839462,145544,190278,1058190,857508,66650,265555,275303,192975,400394,161722,27979,17771,17482,165795,112537,141475,73568,38841,83625,51103,94006,175870
311077,190135,1111587,1494020,78418,862211,147611,192097,1090579,840859,63735,266739,272254,194706,411659,162427,28338,17894,17645,164615,111426,151122,72960,39421,86030,51138,92195,173420
310439,209112,1175563,1485681,76763,848351,146282,188672,1070958,857362,63899,268884,281352,194091,412259,163254,28784,18042,18839,158574,111608,148735,73312,39660,85944,50864,91981,175933
304125,209095,1153760,1469744,75184,841810,144334,197663,1101771,825380,64254,265985,278552,192993,423558,163112,28653,18443,19040,172243,111387,148128,74099,39419,85969,49653,92961,173610
303855,207967,1107406,1428459,74781,838707,143685,188019,1087613,857711,61828,265561,276765,192627,415466,158919,27994,17999,17602,163929,116672,149122,73683,39210,84676,50275,93492,174344
271051,188738,1002770,1216730,71555,718669,122712,162747,915656,708834,57770,253428,261866,181467,374862,151089,25109,15912,15248,141620,102535,134579,65757,33367,81800,50335,86279,164396
250030,179362,947581,1080086,67191,659176,116906,139928,815204,713620,58429,246128,258987,184062,334393,134683,24668,15553,15632,133648,95514,124526,61441,30089,79759,48725,92902,153354
291712,199780,1165125,1401334,77504,799445,140187,180296,1060808,833959,64193,266677,288336,198426,396920,159265,27860,18197,17897,159261,109088,151246,70048,34861,87062,53650,93316,169652
282639,199709,1175136,1433175,78119,813970,142974,184193,1118881,808486,64031,275085,288123,198019,422895,159714,28687,18178,18834,164057,112692,156210,71800,35592,87840,55148,97221,177011
281104,198101,1089916,1416513,75690,822313,144892,185387,1112395,793216,65022,274816,286038,198000,424471,157342,28877,18242,18717,163535,113785,156734,71035,35495,89407,55058,93785,177041
282995,198218,1063403,1394382,78885,808453,145201,177457,1085763,802024,66333,274163,284572,196617,421881,154523,28879,18293,18317,157494,115241,158802,69882,34990,89914,56717,98068,181885
283519,200278,1044468,1354986,73422,774900,141756,166884,1035014,791869,65162,264782,282276,196579,399723,147589,27721,18027,17947,149506,109402,155777,66429,32922,89172,53616,98463,181170
254915,185409,940759,1145987,65222,657030,122998,149171,857392,696949,58569,258712,266507,181866,356437,136856,24689,15914,15649,131539,93917,138052,61339,29428,78904,46433,84878,175917
243129,178666,809961,1036812,68218,601396,115024,142683,737997,687566,57824,255282,271642,176280,325285,133167,24217,15327,15416,131558,91671,122599,60776,28124,75369,45591,86511,166954
296546,211885,954897,1375303,84339,751504,135643,170844,875601,818570,58011,276372,304999,198562,389551,156695,28044,18201,18408,147348,107869,141094,66804,31270,84294,49078,98811,189201
297866,215522,1069524,1430349,88551,773032,137766,177456,900011,790267,64277,287049,310034,196331,395659,160039,28239,18551,18684,150093,108384,143922,68011,32531,83660,46315,90395,176077
292888,216131,975947,1410290,86713,782774,137250,180382,898410,847045,66291,288552,325771,196592,411322,155652,28194,19198,19236,155963,110260,142935,70571,33290,83152,42037,92243,156392
305433,221456,991114,1407330,89666,784108,137954,178615,879754,855179,64848,291179,326704,198563,401074,156555,28796,19563,19633,148454,106012,141506,68275,33306,83030,46762,90890,145159
305880,219670,983387,1388664,85845,798125,135032,179325,830338,850251,62757,279762,317986,193372,390438,158471,28963,19203,19197,145322,109576,143703,68648,34037,83483,47091,90490,150471
261387,196240,956388,1143769,75135,714162,120430,160322,714830,743521,56579,265016,279485,177400,352782,142053,25616,16761,17035,143051,98690,133612,65941,32057,80929,44489,91213,142684
248570,184697,926676,1060714,72803,632045,117346,143243,667346,715760,53853,265183,276983,179355,336814,142632,25161,16217,16321,141659,88632,122474,61748,29918,79524,42787,85547,127018
308219,222408,1001128,1416663,86250,711837,131047,182145,771743,845611,59368,295225,319791,191687,375747,164901,29732,19314,20189,152721,103456,139414,66403,34038,81660,48087,90664,140835
308151,225366,975770,1429366,88938,733455,131606,182138,753850,848903,64230,284611,328637,191853,375353,164714,29589,19493,20395,154732,105407,139125,68577,34439,81785,47616,89110,147192
311943,230316,944682,1437138,87460,746969,131998,182081,718279,872628,66313,287317,332032,193599,389665,166265,29533,19908,20532,162199,106186,139331,68087,34894,82673,46044,88301,156945
314734,231192,1019895,1428743,87957,754334,130233,183499,703662,913439,64890,288452,323992,197181,411900,168793,29855,19161,20205,163895,107914,140503,70372,35043,83498,46424,89155,163691
319284,226201,1011464,1411794,87970,729260,129261,181278,704152,905928,63219,278181,313010,198508,395671,171135,28506,18974,19979,157902,107786,141944,72266,34526,82544,46512,88616,153705
276044,193431,904788,1164897,78141,640861,113237,155197,593238,715974,56245,264321,283624,181144,320305,149695,24404,16619,17437,142158,95986,123376,65837,31484,80129,41578,85936,128982
261074,185740,875129,1113025,77032,605341,111237,151657,584037,697353,54535,260295,283943,176260,320678,139441,24473,16134,16616,142808,93079,120900,63516,29939,79985,41124,89516,131992
303221,215812,1019147,1409383,90064,704691,125186,189394,689787,829461,64762,278394,324169,199963,402103,164000,28136,18121,19721,168040,109918,146990,73783,35391,83329,46103,93681,143838
301468,222227,1043321,1417031,90427,709868,126851,186805,721956,839202,70340,279270,319566,201151,413962,162542,28691,18176,19901,165331,107378,144570,73753,37077,82488,47125,92660,144697
299920,226224,1000388,1403155,88544,698298,128706,187657,753492,879848,71084,277309,323321,200758,412039,165545,28378,18594,19364,163827,105013,141052,73162,38262,82604,47640,87380,147760
309957,230567,1038570,1405204,88744,703133,131262,187640,713486,910081,70410,278709,323816,200039,410338,166615,28624,18676,17248,162683,86744,140570,71670,37826,80989,48174,88206,154244
315118,231450,1007919,1380704,84426,715328,131707,182708,707207,875853,66717,276495,313900,198480,410566,166112,28521,18722,18684,157974,89455,138462,70603,37740,79691,46186,87420,153005
270709,201452,882121,1160617,73596,660562,119122,153615,650518,817097,63377,256216,283663,183173,369295,143326,25452,16776,17304,133748,89918,129627,64528,33245,74053,42656,82665,139350
253786,196041,904208,1078242,75813,614326,113148,142458,623682,752559,56248,247254,282664,178589,330153,142089,24752,16396,16640,137484,87889,115397,62033,31059,72818,39439,81632,126557
309638,230469,1076442,1433744,89708,725029,125723,189272,817438,892959,65837,272858,331178,197685,402877,172566,28719,19018,19875,167146,105300,134178,71769,37076,79091,43431,87434,141581
308028,234449,1070833,1443639,89937,736744,127949,192682,877168,893412,72376,283607,331819,200079,420234,166907,28960,19512,20211,168724,111541,137795,73525,38759,81136,46889,89368,141040
317911,237901,1100939,1464542,92148,741778,128711,188376,885743,895529,69729,293532,340931,202486,414114,167384,29153,19227,20231,167189,112782,140143,72956,37819,83080,47301,91521,144213
313205,233579,1158630,1480698,90870,758308,131110,189975,895595,835859,65570,302053,350937,203979,413912,169775,29654,19574,21531,168343,112770,139445,73046,37948,82616,45146,90794,150108
297464,225152,1129203,1431701,83552,758235,132254,186893,885611,792153,63664,287651,329096,210602,422082,167994,29436,19221,21606,166425,112520,139848,72610,37510,81075,44748,86822,147167
264209,201610,966872,1193704,70080,684338,119106,156971,769357,720985,60511,265556,285952,188058,373928,143606,25501,16398,17965,143371,100011,124410,65926,34297,78442,41830,83282,136994
260389,195120,946034,1077557,73498,647581,113564,143904,696979,708810,57492,271314,296672,184484,332688,136345,24537,16189,17454,142739,94427,121656,63989,32021,79948,39932,79124,129208
322430,233469,1198400,1454066,88409,792824,133171,191308,916919,719615,65443,293168,342253,207247,399780,169657,28965,19301,20977,165742,113213,142787,70120,38521,83298,44928,88182,147530
310178,232353,1161348,1505502,89093,785624,135905,190967,961071,824144,67751,297117,339567,206250,408020,173646,28933,19333,20838,167451,115895,146587,67719,39249,83114,45675,91245,148668
305438,230464,1148980,1461993,89073,786102,135205,196325,1009322,836060,63803,290800,336996,204836,429485,167835,29534,19958,21018,168694,118042,146092,74479,39387,83745,47339,93326,144755
305134,226564,1171976,1453627,88304,776462,134923,192961,996636,826292,61689,295630,331296,207429,419699,168347,29258,19731,20915,167028,116493,151658,74585,38996,85275,46898,94633,143088
305497,223655,1125791,1426035,83448,754035,133834,187006,975238,795192,62327,291316,322357,209449,419781,163750,28813,19233,20799,161880,114756,152874,73406,38300,87616,45957,95276,137765
281146,202838,937855,1240892,70711,648191,115824,159025,796536,683535,58834,261497,285975,192858,372143,146376,25696,17055,18124,137064,103376,141419,67200,34154,84633,44856,91934,130437
262933,190735,861667,1156675,68355,580409,108749,139693,686382,655855,57604,257648,278307,189113,332582,137640,25139,16358,17432,133740,93456,129736,62382,30584,80989,41538,85070,124264
304291,227006,1070688,1433974,82493,691671,132323,180270,902995,832570,64686,287249,320347,207827,400613,157378,28601,18543,20533,159599,107640,142625,70126,35750,81574,45219,84959,144213
307794,230545,1110434,1464320,84495,697333,135715,182906,947037,856103,68553,299686,318425,208699,409697,160660,29033,18304,20437,162359,110264,139953,70988,36737,80405,45957,84586,146174
302905,227357,1116659,1448827,86698,718228,137122,184796,949813,861835,70865,317761,343189,208373,414578,162921,29219,18245,20783,162558,111519,142343,72352,37169,80540,46594,87016,140517
300978,223686,1120937,1439566,86404,719678,136886,185096,941508,839675,71920,319704,350457,215533,412614,163546,29116,18374,21850,161553,112924,149024,72938,37259,82832,45352,88123,138680
298998,222528,1127331,1425381,84773,685079,136016,182065,931363,838060,70130,307377,338504,218857,413608,164979,28774,18475,22396,161584,112798,147223,73356,37154,82001,46072,87087,138175
275655,204159,1014931,1224569,74182,636676,119601,154745,746007,734629,59593,292829,300678,198448,371587,143825,25741,16350,19345,139013,101047,136786,66653,32881,75850,42333,86215,129655
266894,196769,951525,1151259,74931,591096,113165,145301,659908,716565,56530,292191,303555,198889,331163,143796,25709,16075,19481,142164,93864,120097,63380,31310,72343,39483,81367,123934
314753,225874,1104026,1482271,90040,710186,133762,194620,893913,850066,64448,307612,333191,212636,411720,172946,29485,18803,21991,171867,109728,134921,69959,37328,78446,41900,87642,136030
313213,225018,1132686,1485211,90383,735394,139862,192628,948297,900155,68376,346283,358841,223082,429143,172587,30693,19538,21929,171224,115026,142564,68301,38029,79069,43837,91048,128565
330449,242133,1220521,1537230,92429,739223,136459,190413,958992,971112,73353,355847,380638,233912,433457,177340,31772,20453,24042,172986,115455,143428,73426,39046,79218,44750,91167,130122
328300,241685,1278238,1567016,95513,707598,133748,204593,942635,949001,73916,351568,375457,230243,440047,192247,32521,21207,24874,183189,114307,144854,70763,39488,80143,41965,89183,133836
314093,233644,1235289,1485332,87589,701101,132558,202891,941037,902844,71242,311808,339197,174051,441898,186719,31967,20846,23633,178751,115701,144309,76226,39921,80400,43007,90250,134213
279135,207636,1071460,1243568,73738,628734,117092,171089,758191,776474,64525,280337,288482,177013,388949,157226,27266,17858,19137,148840,106214,137510,68679,35737,77674,40196,91900,130410
264432,194653,972952,1149109,71537,581491,110892,155842,658270,764023,62960,278377,285036,183783,346452,146036,26368,17136,18686,146673,98761,127809,66137,32603,76616,40387,94222,117216
311615,225544,1150144,1464807,85622,708391,132566,191781,877183,889512,65286,322581,341241,208662,411198,167605,29620,20062,21769,170974,109915,147829,71427,36597,77890,43915,94056,123704
315464,229136,1168253,1504106,88033,727476,135237,193464,920400,865194,65173,314955,343132,214309,422183,172092,29783,19605,22172,172124,112514,147772,73428,37237,78662,43218,96120,126121
314185,232985,1123188,1491173,88231,725100,135836,197010,939702,886227,73032,307672,342322,212655,433958,168825,30633,20047,22382,171763,113928,147346,75868,38522,82488,43380,99448,123311
317157,229682,1133550,1483975,89507,714107,136861,196021,923675,894966,71426,346450,339624,212420,431938,168433,31485,20370,22915,169740,114950,150727,75813,37735,82172,45127,95383,121788
303579,226757,1120333,1454836,82362,705682,136528,194671,892980,848102,72452,332009,325687,211628,429124,165052,31422,20121,22828,166832,116323,148924,75692,37031,80504,45833,91993,122845
270454,202726,987553,1235077,72380,630656,119570,163362,744499,772587,63673,279098,286541,193709,381476,140950,27511,17401,19356,139889,103191,136832,67337,32425,75442,42248,88247,120771
255765,193238,915208,1133212,71996,587525,112487,147051,658950,744601,64264,280716,290939,188181,335968,138805,25748,16829,17953,133946,94516,124096,64282,30679,73618,39272,84182,109928
309255,229782,1109786,1453517,87770,708942,133915,189877,880411,911391,74112,320486,340260,206852,405560,162574,29151,19245,20683,139494,109467,148121,71974,36627,78750,43659,90492,122262
310304,235094,1157580,1500865,90685,721103,136942,193374,913346,934250,73716,333617,364389,210969,421878,169652,29416,18956,20948,168184,112382,148273,74728,37498,78413,44210,92969,125830
308102,234637,1170770,1500549,89868,720909,137174,202536,913944,869229,71209,331667,360270,218727,429379,175284,29234,18771,22058,176755,114826,147788,76305,39345,77915,44457,102066,124609
305224,230498,1135648,1455805,90362,716058,136644,198769,910442,935575,75730,316164,352183,215983,427321,170413,30111,19208,22538,177124,114702,141031,75216,39814,77326,44558,104121,122238
307527,233196,1238776,1440135,85784,707623,134907,196185,904826,921765,73968,324246,344913,215733,427966,182677,30284,19073,22359,177088,112943,140625,74091,39598,78792,44600,99048,120957
275232,211349,1139665,1148318,75947,632044,118523,169251,746351,823741,67372,289900,313678,196134,382320,160074,26884,17028,19363,148898,102356,129559,68334,35495,74856,41135,92686,116599
263653,200026,1060687,1127242,74851,594725,113637,153793,636314,788093,64357,287252,317666,201333,346529,146356,26450,16650,19173,148515,96341,118422,65970,33263,75226,38248,91512,109197
312918,235100,1262041,1446696,89378,716847,136408,192267,858660,960990,74806,317244,355377,210859,421813,178519,31357,19959,21893,175574,113043,143836,74450,37577,80298,43421,94326,119273
325605,240958,1259645,1523169,93598,726543,135889,200846,912485,977002,73704,316894,349135,206515,430853,181982,30220,18931,21224,178791,115722,147403,76175,39566,81464,44240,96842,121121
325226,236927,1211490,1529020,92220,713505,133485,205812,908205,916494,70878,299428,347840,208632,420467,176938,29471,18492,21205,181591,116816,148974,76944,40140,83593,44778,101410,123322
320488,237245,1173872,1509213,89367,706698,133236,203061,911230,931198,76759,307501,346227,205664,415599,172255,30190,18996,22037,181068,118316,147278,76740,40152,84932,39788,104214,126562
314792,230750,1137728,1462003,85800,691035,132862,197524,898965,961763,74671,316390,333661,206898,414748,169631,29892,19427,22222,175229,116713,146913,77514,39724,84244,43048,102601,124398
276959,203758,1011457,1222214,75498,617346,119294,166365,734191,806288,68005,298505,322576,195048,372789,152555,26955,17484,19883,149026,105854,137772,69458,35220,83228,41285,103798,119163
253523,186577,937452,1106008,73595,576176,111801,148354,630917,746801,68258,285524,307837,189358,336127,146331,26454,16873,19049,141962,98370,130650,65718,33005,84290,39087,105198,108855
299339,217021,1120558,1415659,86111,588334,132303,190502,858332,854513,75036,313817,354890,214588,414209,172539,30924,19999,22586,172013,112691,155228,74327,38220,88916,42619,104500,118885
309889,224039,1124381,1493638,88079,697560,136077,202845,901266,928566,76240,317915,356265,217080,437921,175363,31120,20260,23052,181642,116877,155960,75891,39641,86386,45069,106095,121847
318410,225361,1115931,1508199,90020,697735,134830,206052,906936,929772,76201,346819,368843,221643,444806,165598,31126,20232,23649,189853,120155,151006,78899,40344,86901,46985,112889,123065
324872,226971,1151187,1523148,91691,693784,132788,209505,893283,932326,73169,355163,399480,234378,446220,169438,31171,20615,24068,193092,123589,157150,82040,40891,91246,47654,120060,124790
326758,232527,1181960,1518753,90189,702099,132593,205098,877554,938408,72603,349973,408871,241327,460447,167347,31876,21204,23691,192685,123832,162642,82177,38960,93357,46588,120617,126004
291751,216908,1105299,1294557,79175,631374,117202,174392,730360,836387,67580,343058,373519,226544,413725,148513,28671,18565,21384,161431,111927,153356,73009,35740,90769,43393,119714,120608
272943,205236,1063097,1205998,78163,584888,109930,163672,635840,868488,66372,344578,357840,215856,370753,146677,28614,18179,20600,162795,102892,137732,69578,33485,89754,41146,115740,115266
321161,237206,1200382,1532813,91921,710203,131161,206506,864530,985920,76851,381750,400256,237364,445907,169700,32860,21719,24259,193791,120819,160288,80023,39025,94724,48020,122043,125968
317123,240443,1237381,1530030,91970,714261,133913,200318,892908,963843,78375,376148,382308,225920,453408,168363,33215,21320,23774,191327,119672,164226,78926,38360,93626,44355,111975,125923
317353,237086,1210278,1510430,92515,700270,131983,196282,877115,983172,79861,371184,372841,228110,451322,172997,32548,20604,22823,191012,117225,156789,78463,38486,89361,42990,103738,127248
322902,245183,1263550,1517108,95440,695987,131956,197848,883463,950606,77238,401282,394537,235778,442067,170893,31678,20601,22916,182356,114090,153081,76321,37833,89635,42790,97483,129253
317805,244394,1281312,1488500,91576,704416,132521,191573,872250,965829,75728,419081,422318,248826,441032,175069,31194,19493,22915,177526,94265,148318,77002,37056,86040,43413,96676,127895
283755,214412,1137106,1263701,81359,630890,117955,162651,716766,807736,64395,406891,405591,243643,403163,153038,28670,17986,22389,157641,98311,139034,69945,33518,80540,40584,97188,121753
265320,203112,1020696,1173689,79773,582227,108675,151228,643786,774295,63219,372391,370762,241248,358721,141782,28095,18938,21985,154026,96773,125838,67366,31798,80477,38646,96812,112465
310847,230815,1190897,1463933,90248,705130,131257,149555,860540,917202,65278,391577,404278,262115,422821,171121,30709,20643,24961,173700,113308,142091,74668,37376,86238,43120,101853,121862
312301,235904,1241932,1496783,91867,716106,131894,191569,904831,959961,71636,381477,420339,267132,438625,174347,32597,21533,25910,179845,115758,146411,76744,37654,86700,44226,104018,126465
317003,237733,1196997,1512614,93090,707166,135140,199927,922432,960220,75547,326608,387210,254178,456823,175778,33235,21915,25243,165506,119975,156994,79569,38020,87667,44072,107504,113729
315270,232583,1172911,1517934,95077,711597,137573,203820,909399,963230,73041,317079,382510,244390,465471,173574,33108,21941,25710,185644,122590,163649,82295,39848,95752,46963,119789,131428
310844,229909,1162031,1500029,91244,706194,135836,199626,870102,951782,77273,333956,375262,237493,459477,172672,32898,21590,26187,187853,122013,163226,82297,38747,98615,45260,120823,141195
278571,205229,1043893,1247682,79163,629314,119035,169518,749084,861736,71567,322290,340580,223596,398178,151624,28979,19023,22915,161693,109584,152730,72164,33157,92946,41901,114463,137263
270064,199533,1056156,1166448,78028,583409,111350,151514,641170,884192,67648,318194,350482,224199,330146,145790,27422,18575,22880,160382,96301,130154,67914,29942,88061,36063,105592,123093
317933,221574,1208272,1490030,92571,673396,133132,193491,859023,945619,73036,346495,386584,245995,426100,178041,33401,21831,25968,184212,115071,154661,77614,37346,95288,41878,111315,130298
318744,234322,1284303,1497631,89792,718357,137770,202311,907551,995644,78227,347411,378683,237797,447525,180785,33559,22386,25599,185115,120327,156573,79344,39704,98701,44568,119375,139784
330149,245501,1374364,1537697,91282,732152,142961,203300,911227,1088387,80358,320503,361393,235052,443438,183441,32985,22348,25556,189634,120502,154936,79827,39454,96139,45243,118126,138231
341628,253366,1457424,1572045,96018,742935,143687,201635,913195,1089069,79600,340622,379182,227679,447391,187744,33276,21664,24044,195449,121768,153092,80572,38899,97866,43911,116171,137807
340588,252126,1478121,1573685,94140,735496,140317,201976,894648,1015247,79228,350626,379061,236449,452225,189937,32412,21207,23027,196382,121636,156758,80209,38961,96644,44639,117401,138092
307003,225531,1256086,1373882,83104,642960,120403,181434,728693,921193,71995,327873,346192,217044,418437,164191,29051,18583,20322,176153,112092,147666,74385,36229,88276,42576,111005,131091
283906,212434,1158619,1241994,80541,598921,112020,166428,636478,855148,70670,315028,345415,209923,378180,156270,29431,18545,21065,170941,104846,136028,72158,34703,89379,40858,116882,122153
338302,248813,1385357,1594694,95923,710129,136934,212713,874501,1041095,83175,349837,392470,230933,460044,185718,33572,21431,24074,206482,120497,155896,82691,39795,94548,46397,124177,134342
346096,255787,1439255,1631158,100763,738622,139328,215377,914656,1003884,80691,366017,391946,228902,473226,186873,34691,21893,24847,207089,125456,163295,86167,40620,97447,47172,126899,136538
337148,217060,1282600,1588341,97144,739078,140230,210715,915091,995259,80076,374516,395451,233588,387800,187439,34196,21922,24488,202059,123890,167245,84351,41046,96762,48145,127123,133944
339549,251862,1431323,1598747,95510,742208,142096,209863,913430,1039413,82619,358839,387614,231157,449070,190125,34471,21848,24559,202376,122114,161131,82895,41422,96539,48099,124848,131677
335948,251840,1423235,1596576,95237,752043,145031,210173,896262,1008884,80824,385573,396399,226619,459334,190413,33201,21197,23665,197255,120529,159227,81472,41007,94217,48845,127060,133615
302973,232771,1345740,1373025,82812,655512,125226,183005,736947,975571,77397,329618,354334,219877,417270,166134,29737,18436,20730,169822,110944,150634,73026,37267,89322,45715,119064,132722
297437,225235,1325508,1309725,80418,609251,112934,171449,638477,932872,74357,362262,374023,213861,375453,157452,28423,18020,20216,174438,106052,132047,71786,34195,87946,40105,112074,121711
344949,259694,1534595,1617156,100524,737655,137687,209264,884992,1099568,80911,427495,467805,250805,453282,193452,33037,21380,24769,189889,119688,151567,79900,39292,91581,44495,109457,128566
351854,272859,1691542,1691265,100050,756053,142966,226178,934026,1202658,82938,440262,479796,261963,475787,210263,34579,21205,25788,183291,122293,152193,76972,41187,90249,47917,123564,130469
349166,268297,1655355,1691862,102471,761707,142567,225166,947202,1170194,83571,422720,472955,265337,481022,209538,35893,19567,26430,210070,124278,164113,85246,42127,98605,51037,134165,134541
350040,276976,1672044,1721650,102722,756389,141883,230565,961935,1163542,82574,398438,456869,261472,481547,213874,35611,22842,26545,212607,123398,166163,85681,42194,104195,53040,137695,140067
335148,266495,1685502,1640270,95754,748150,139472,226963,957463,1088387,80444,396031,442265,265977,471626,215487,35011,22806,26397,200859,123306,172478,85298,42502,110920,53692,140817,162191
299655,226852,1447479,1366872,85649,655963,121137,193713,780045,941162,74866,364149,421722,248143,422734,178181,30321,19907,23642,168500,113963,162614,76350,38056,106511,48536,133011,157988
292135,230096,1409200,1290692,83460,589142,111317,188694,689800,972755,72330,350174,398367,232499,376934,175046,29663,19737,22976,170688,105025,151760,73107,34971,101377,44328,123893,141855
337370,261247,1725668,1615081,101103,738888,136426,234892,940875,1129224,84967,413636,453260,243107,456889,209084,34134,23508,26476,202892,118496,160855,82792,41476,105324,52762,131666,139558
348058,269826,1809240,1679109,104011,815466,152229,238434,983863,1174322,86506,436058,451227,249104,469110,218314,34512,23497,27182,209918,123408,164604,84918,42905,103086,52891,127762,137248
348880,282894,1915683,1700727,103494,833141,160365,239905,1000935,1243428,89986,432740,462522,263344,472720,220657,34102,22858,27266,212198,124887,164023,86389,43000,102776,51101,127494,140554
347477,272278,1839594,1686132,102615,863809,167377,237094,987545,1189209,87569,463735,470570,263080,474453,220539,34615,23084,27256,209773,125724,164931,86246,42562,100319,47796,116075,135983
346432,263064,1733561,1643799,103129,855938,158795,233169,974503,1152633,85454,479156,482828,272961,472044,212869,34281,21893,27397,204317,124438,158310,85572,41000,97754,47885,109610,136041
313514,243599,1626080,1432339,92083,728489,139619,207551,802051,1059482,81623,442904,447772,249098,430384,186065,30650,19171,22610,187313,115156,147370,77689,36845,92518,46762,112464,131597
306539,248838,1697131,1384701,94658,671928,128676,192626,698547,1091032,76541,458220,452507,238566,391079,184333,30302,19221,22482,188903,107795,133004,75972,34740,90586,42947,112622,121953
354473,287441,1896397,1714301,103420,834700,155738,236495,931000,1186605,84185,472051,493708,264978,464459,224461,35548,22532,26572,216627,122929,137951,86271,40954,93897,49741,115834,131161
358882,295070,1859829,1750300,104964,829565,154565,243404,968444,1113931,87862,454456,486931,270101,474734,220564,35179,22878,27228,215743,125558,151027,87017,42588,95845,54644,129810,138485
356608,277974,1597812,1741421,106775,792056,150832,237877,976985,1105620,86137,457355,488184,266041,479904,207011,34903,23703,26967,217440,124849,164529,87317,42409,95956,52281,131065,138219
346281,258622,1543040,1664679,106745,795200,150181,228724,979755,1129945,85219,458323,486058,275982,478004,203617,35659,23968,28455,209382,125078,167824,86424,41349,99634,49040,120472,138521
341172,258049,1559799,1635187,104584,785482,146725,224940,971364,1053596,86639,454200,474041,292732,467645,201953,35054,23588,28455,203559,123462,165254,85267,41260,97340,49882,117607,137713
309898,236586,1477282,1398626,96564,717339,134250,195242,784913,1013014,83252,445126,434954,272392,424395,181864,31294,21225,25789,177423,112567,157051,77364,37004,93307,44764,116075,136554
299222,231707,1561727,1327533,92274,679233,130309,183274,706157,1029897,74562,424534,434889,267121,387779,178329,30529,20917,25817,177991,106256,142864,74466,35972,90475,43689,108996,126124
344520,264569,1729188,1648262,100271,717935,149472,213750,801013,1182701,87119,451923,479419,286609,470457,212763,35509,23485,27922,206328,121711,164100,84078,41913,95233,50569,122838,139233
350579,275246,1709163,1666545,102281,670987,131543,198683,716558,1114059,83564,476792,492699,288520,472712,215711,34820,22771,27459,205314,123885,170370,86098,43192,103422,52531,130951,147147
351585,274182,1759514,1687217,104048,790286,149038,235207,957405,1123342,85247,473312,511813,295564,479386,209582,35427,23877,28027,212976,124331,172775,86323,43187,106150,53063,132642,151941
354720,274042,1871657,1684227,107676,842561,155429,239944,998676,1116764,81921,438363,492931,290527,473336,213574,35178,24077,28163,211808,123382,176595,84856,43372,108146,53949,136244,157477
353909,282056,1995117,1672088,98593,853852,158848,237329,972280,1070543,82800,385326,430449,277932,471324,215559,34399,23134,26613,208997,120814,175659,84833,43015,111187,52971,135293,156308
314256,245604,1723149,1429163,87074,756124,143131,213360,808423,1040645,79188,396904,396879,244700,430522,193910,30725,20021,22375,188006,116982,163250,76816,39448,104723,48808,128853,150087
298773,237078,1610006,1322649,85566,708017,136316,194124,716069,1064855,77297,385161,417236,245061,389684,181432,29970,19648,22028,183077,108769,149881,74341,37156,102216,47919,128785,145963
344009,257395,1815905,1620736,103161,879592,165739,238143,959196,1137559,84518,430270,481706,275973,464723,214660,34247,23218,26121,206309,121642,172401,84623,42570,107504,54065,137415,162479
345898,266463,1851224,1635606,101782,889874,169160,235362,1001167,1142096,86719,443201,474860,275569,475251,215782,34188,22774,26416,206708,124349,172536,85420,42620,109133,55183,138165,168071
356879,272936,1757054,1653625,106210,867991,167502,225732,994890,1149077,85875,486520,507967,284345,476365,202108,34196,23111,27195,206590,123280,174402,84956,42338,109492,53724,135512,159280
361330,278521,1819064,1681295,106739,835818,161817,240872,980423,1232313,86189,488162,522565,285795,479246,213157,35291,23693,27583,213843,122712,173268,85194,42158,105792,53469,138117,146136
354477,274064,1785375,1624999,104083,833098,159267,235173,980173,1166563,85283,486184,516453,287823,473791,216502,35124,23249,27451,206484,116184,176206,82655,42124,114094,56577,143748,160860
322449,242344,1631536,1398993,97474,745638,144997,206352,821915,1021666,78722,449983,468168,270065,435661,192354,31725,21939,25578,183590,108024,166968,74492,38035,116074,51725,132179,188654
303698,236528,1562454,1284244,92401,687438,133513,191024,726981,960262,71358,453156,450894,271495,387373,191424,30563,21582,25948,170977,104626,154770,72267,36083,115973,48727,130437,175591
345491,260826,1742931,1533790,103187,806006,147889,228822,930624,1028748,82133,444750,490818,284245,447833,222628,34909,23558,27462,191703,112284,172123,78451,41076,117640,55664,140902,176201
348798,252586,1749267,1508674,104927,814784,151941,225684,928548,1047418,82250,452685,470786,273949,467921,215026,35070,23750,26273,189635,110233,174934,77683,40521,119690,56890,144963,186839
340247,243094,1715460,1416399,98157,798608,150787,210764,893422,946200,79454,431431,458875,258711,463508,193270,35186,23556,25854,176114,107738,169490,74041,39591,117158,55955,147124,186411
325820,226489,1626241,1206277,88239,703538,126495,178962,724690,909775,72754,426615,404073,232442,360160,193072,29489,20547,23037,145902,96725,154882,65025,36397,111321,51708,140553,177729
294030,211632,1435400,1169213,89139,588426,108372,175132,606436,933287,71703,390085,421158,238636,317145,172031,26871,19223,23021,150228,90511,132103,60992,30714,98436,42739,137446,150972
300368,223759,1535412,1203159,89267,638045,118073,181542,609414,927062,69772,402930,423096,242086,333338,180154,27508,19972,23487,163890,89789,135459,61793,31907,94337,44137,135290,136094
316360,229883,1544484,1221038,97303,637979,120734,183249,649337,1024076,74605,457118,459642,247469,352591,190259,28446,20157,24442,167936,93687,134781,64220,33005,93749,45551,128724,130650
336897,247500,1703774,1365017,91982,793830,148288,203324,790670,996879,80293,474211,489283,277385,412435,213066,32490,22147,25366,172008,101785,147129,71771,36365,94499,50417,124861,142360
336697,249407,1711722,1361763,97622,776056,140460,204762,806137,1033865,76893,478749,495957,287859,417142,214123,32690,21496,25695,167834,100936,147479,71248,36253,91115,52037,129547,139744
331385,244400,1677043,1371137,93079,698314,136708,204598,792325,1007976,74009,481029,464145,278726,422609,206279,33557,21647,26380,165091,102278,146519,71323,35781,88128,53930,134644,133977
311324,220909,1510843,1220808,88640,656700,120682,186481,719685,924156,71992,451297,456560,256226,389001,173478,33532,20464,24751,156827,100807,148642,69917,34034,93972,49172,131575,126748
